employee_id,author_id,position_id,created_at,efficiency_score,engagement_score,competency_score
33dea239-2610-49d9-8f33-748f62f04e74,bad8a5a0-ec08-412e-8f19-0d9e993d5651,fa001e78-0002-4000-8000-000000000002,2008-08-15 10:00:00+03,4,5,4
33dea239-2610-49d9-8f33-748f62f04e74,bad8a5a0-ec08-412e-8f19-0d9e993d5651,fa001e78-0002-4000-8000-000000000002,2008-10-15 10:00:00+03,5,4,5
33dea239-2610-49d9-8f33-748f62f04e74,bad8a5a0-ec08-412e-8f19-0d9e993d5651,fa001e78-0002-4000-8000-000000000002,2008-12-15 10:00:00+03,4,5,4
33dea239-2610-49d9-8f33-748f62f04e74,bad8a5a0-ec08-412e-8f19-0d9e993d5651,fa001e78-0004-4000-8000-000000000004,2012-08-15 10:00:00+03,5,4,5
33dea239-2610-49d9-8f33-748f62f04e74,bad8a5a0-ec08-412e-8f19-0d9e993d5651,fa001e78-0004-4000-8000-000000000004,2012-10-15 10:00:00+03,4,5,4
33dea239-2610-49d9-8f33-748f62f04e74,bad8a5a0-ec08-412e-8f19-0d9e993d5651,fa001e78-0004-4000-8000-000000000004,2012-12-15 10:00:00+03,5,4,5
33dea239-2610-49d9-8f33-748f62f04e74,bad8a5a0-ec08-412e-8f19-0d9e993d5651,fa001e78-0006-4000-8000-000000000006,2015-08-15 10:00:00+03,4,5,4
33dea239-2610-49d9-8f33-748f62f04e74,bad8a5a0-ec08-412e-8f19-0d9e993d5651,fa001e78-0006-4000-8000-000000000006,2015-10-15 10:00:00+03,5,4,5
33dea239-2610-49d9-8f33-748f62f04e74,bad8a5a0-ec08-412e-8f19-0d9e993d5651,fa001e78-0006-4000-8000-000000000006,2015-12-15 10:00:00+03,4,5,4
33dea239-2610-49d9-8f33-748f62f04e74,bad8a5a0-ec08-412e-8f19-0d9e993d5651,fa001e78-0007-4000-8000-000000000007,2018-08-15 10:00:00+03,5,4,5
33dea239-2610-49d9-8f33-748f62f04e74,bad8a5a0-ec08-412e-8f19-0d9e993d5651,fa001e78-0007-4000-8000-000000000007,2018-10-15 10:00:00+03,4,5,4
33dea239-2610-49d9-8f33-748f62f04e74,bad8a5a0-ec08-412e-8f19-0d9e993d5651,fa001e78-0007-4000-8000-000000000007,2018-12-15 10:00:00+03,5,4,5
33dea239-2610-49d9-8f33-748f62f04e74,bad8a5a0-ec08-412e-8f19-0d9e993d5651,fa001e78-0008-4000-8000-000000000008,2020-08-15 10:00:00+03,4,5,4
33dea239-2610-49d9-8f33-748f62f04e74,bad8a5a0-ec08-412e-8f19-0d9e993d5651,fa001e78-0008-4000-8000-000000000008,2020-10-15 10:00:00+03,5,4,5
33dea239-2610-49d9-8f33-748f62f04e74,bad8a5a0-ec08-412e-8f19-0d9e993d5651,fa001e78-0008-4000-8000-000000000008,2020-12-15 10:00:00+03,4,5,4
246e7d6b-6774-476e-ad67-c2e5d0e52b6b,21e41d95-b4e3-4599-bd8f-944dde04f6cb,4eae2daf-0004-4000-8000-000000000004,2008-08-15 10:00:00+03,4,5,4
246e7d6b-6774-476e-ad67-c2e5d0e52b6b,21e41d95-b4e3-4599-bd8f-944dde04f6cb,4eae2daf-0004-4000-8000-000000000004,2008-10-15 10:00:00+03,5,4,5
246e7d6b-6774-476e-ad67-c2e5d0e52b6b,21e41d95-b4e3-4599-bd8f-944dde04f6cb,4eae2daf-0004-4000-8000-000000000004,2008-12-15 10:00:00+03,4,5,4
246e7d6b-6774-476e-ad67-c2e5d0e52b6b,21e41d95-b4e3-4599-bd8f-944dde04f6cb,4eae2daf-0005-4000-8000-000000000005,2012-08-15 10:00:00+03,5,4,5
246e7d6b-6774-476e-ad67-c2e5d0e52b6b,21e41d95-b4e3-4599-bd8f-944dde04f6cb,4eae2daf-0005-4000-8000-000000000005,2012-10-15 10:00:00+03,4,5,4
246e7d6b-6774-476e-ad67-c2e5d0e52b6b,21e41d95-b4e3-4599-bd8f-944dde04f6cb,4eae2daf-0005-4000-8000-000000000005,2012-12-15 10:00:00+03,5,4,5
246e7d6b-6774-476e-ad67-c2e5d0e52b6b,21e41d95-b4e3-4599-bd8f-944dde04f6cb,4eae2daf-0006-4000-8000-000000000006,2015-08-15 10:00:00+03,4,5,4
246e7d6b-6774-476e-ad67-c2e5d0e52b6b,21e41d95-b4e3-4599-bd8f-944dde04f6cb,4eae2daf-0006-4000-8000-000000000006,2015-10-15 10:00:00+03,5,4,5
246e7d6b-6774-476e-ad67-c2e5d0e52b6b,21e41d95-b4e3-4599-bd8f-944dde04f6cb,4eae2daf-0006-4000-8000-000000000006,2015-12-15 10:00:00+03,4,5,4
d87c8b99-54f5-45cb-a639-ba959293023e,c7cabdc2-d5c7-4b0b-b607-fe7e3774bfab,42790098-0004-4000-8000-000000000004,2011-08-15 10:00:00+03,4,5,4
d87c8b99-54f5-45cb-a639-ba959293023e,c7cabdc2-d5c7-4b0b-b607-fe7e3774bfab,42790098-0004-4000-8000-000000000004,2011-10-15 10:00:00+03,5,4,5
d87c8b99-54f5-45cb-a639-ba959293023e,c7cabdc2-d5c7-4b0b-b607-fe7e3774bfab,42790098-0004-4000-8000-000000000004,2011-12-15 10:00:00+03,4,5,4
d87c8b99-54f5-45cb-a639-ba959293023e,c7cabdc2-d5c7-4b0b-b607-fe7e3774bfab,42790098-0005-4000-8000-000000000005,2014-08-15 10:00:00+03,5,4,5
d87c8b99-54f5-45cb-a639-ba959293023e,c7cabdc2-d5c7-4b0b-b607-fe7e3774bfab,42790098-0005-4000-8000-000000000005,2014-10-15 10:00:00+03,4,5,4
d87c8b99-54f5-45cb-a639-ba959293023e,c7cabdc2-d5c7-4b0b-b607-fe7e3774bfab,42790098-0005-4000-8000-000000000005,2014-12-15 10:00:00+03,5,4,5
d87c8b99-54f5-45cb-a639-ba959293023e,c7cabdc2-d5c7-4b0b-b607-fe7e3774bfab,42790098-0006-4000-8000-000000000006,2017-08-15 10:00:00+03,4,5,4
d87c8b99-54f5-45cb-a639-ba959293023e,c7cabdc2-d5c7-4b0b-b607-fe7e3774bfab,42790098-0006-4000-8000-000000000006,2017-10-15 10:00:00+03,5,4,5
d87c8b99-54f5-45cb-a639-ba959293023e,c7cabdc2-d5c7-4b0b-b607-fe7e3774bfab,42790098-0006-4000-8000-000000000006,2017-12-15 10:00:00+03,4,5,4
446a4190-0a9a-49db-b205-2099138c15ef,21cc75fe-63ea-43c4-8232-c93ffccd30b0,0ae9589e-0004-4000-8000-000000000004,2015-08-15 10:00:00+03,4,5,4
446a4190-0a9a-49db-b205-2099138c15ef,21cc75fe-63ea-43c4-8232-c93ffccd30b0,0ae9589e-0004-4000-8000-000000000004,2015-10-15 10:00:00+03,5,4,5
446a4190-0a9a-49db-b205-2099138c15ef,21cc75fe-63ea-43c4-8232-c93ffccd30b0,0ae9589e-0004-4000-8000-000000000004,2015-12-15 10:00:00+03,4,5,4
446a4190-0a9a-49db-b205-2099138c15ef,21cc75fe-63ea-43c4-8232-c93ffccd30b0,0ae9589e-0005-4000-8000-000000000005,2018-08-15 10:00:00+03,5,4,5
446a4190-0a9a-49db-b205-2099138c15ef,21cc75fe-63ea-43c4-8232-c93ffccd30b0,0ae9589e-0005-4000-8000-000000000005,2018-10-15 10:00:00+03,4,5,4
446a4190-0a9a-49db-b205-2099138c15ef,21cc75fe-63ea-43c4-8232-c93ffccd30b0,0ae9589e-0005-4000-8000-000000000005,2018-12-15 10:00:00+03,5,4,5
446a4190-0a9a-49db-b205-2099138c15ef,21cc75fe-63ea-43c4-8232-c93ffccd30b0,0ae9589e-0006-4000-8000-000000000006,2021-08-15 10:00:00+03,4,5,4
446a4190-0a9a-49db-b205-2099138c15ef,21cc75fe-63ea-43c4-8232-c93ffccd30b0,0ae9589e-0006-4000-8000-000000000006,2021-10-15 10:00:00+03,5,4,5
446a4190-0a9a-49db-b205-2099138c15ef,21cc75fe-63ea-43c4-8232-c93ffccd30b0,0ae9589e-0006-4000-8000-000000000006,2021-12-15 10:00:00+03,4,5,4
446a4190-0a9a-49db-b205-2099138c15ef,21cc75fe-63ea-43c4-8232-c93ffccd30b0,0ae9589e-0007-4000-8000-000000000007,2023-08-15 10:00:00+03,5,4,5
446a4190-0a9a-49db-b205-2099138c15ef,21cc75fe-63ea-43c4-8232-c93ffccd30b0,0ae9589e-0007-4000-8000-000000000007,2023-10-15 10:00:00+03,4,5,4
446a4190-0a9a-49db-b205-2099138c15ef,21cc75fe-63ea-43c4-8232-c93ffccd30b0,0ae9589e-0007-4000-8000-000000000007,2023-12-15 10:00:00+03,5,4,5
07a33f8c-3fd4-43be-a10d-9ab824301689,ed01868b-f88b-4afe-a9bb-5284e00230cc,d94fe5a8-0006-4000-8000-000000000006,2010-08-15 10:00:00+03,4,5,4
07a33f8c-3fd4-43be-a10d-9ab824301689,ed01868b-f88b-4afe-a9bb-5284e00230cc,d94fe5a8-0006-4000-8000-000000000006,2010-10-15 10:00:00+03,5,4,5
07a33f8c-3fd4-43be-a10d-9ab824301689,ed01868b-f88b-4afe-a9bb-5284e00230cc,d94fe5a8-0006-4000-8000-000000000006,2010-12-15 10:00:00+03,4,5,4
07a33f8c-3fd4-43be-a10d-9ab824301689,ed01868b-f88b-4afe-a9bb-5284e00230cc,d94fe5a8-0007-4000-8000-000000000007,2013-08-15 10:00:00+03,5,4,5
07a33f8c-3fd4-43be-a10d-9ab824301689,ed01868b-f88b-4afe-a9bb-5284e00230cc,d94fe5a8-0007-4000-8000-000000000007,2013-10-15 10:00:00+03,4,5,4
07a33f8c-3fd4-43be-a10d-9ab824301689,ed01868b-f88b-4afe-a9bb-5284e00230cc,d94fe5a8-0007-4000-8000-000000000007,2013-12-15 10:00:00+03,5,4,5
07a33f8c-3fd4-43be-a10d-9ab824301689,ed01868b-f88b-4afe-a9bb-5284e00230cc,d94fe5a8-0008-4000-8000-000000000008,2016-08-15 10:00:00+03,4,5,4
07a33f8c-3fd4-43be-a10d-9ab824301689,ed01868b-f88b-4afe-a9bb-5284e00230cc,d94fe5a8-0008-4000-8000-000000000008,2016-10-15 10:00:00+03,5,4,5
07a33f8c-3fd4-43be-a10d-9ab824301689,ed01868b-f88b-4afe-a9bb-5284e00230cc,d94fe5a8-0008-4000-8000-000000000008,2016-12-15 10:00:00+03,4,5,4
07a33f8c-3fd4-43be-a10d-9ab824301689,ed01868b-f88b-4afe-a9bb-5284e00230cc,d94fe5a8-0009-4000-8000-000000000009,2019-08-15 10:00:00+03,5,4,5
07a33f8c-3fd4-43be-a10d-9ab824301689,ed01868b-f88b-4afe-a9bb-5284e00230cc,d94fe5a8-0009-4000-8000-000000000009,2019-10-15 10:00:00+03,4,5,4
07a33f8c-3fd4-43be-a10d-9ab824301689,ed01868b-f88b-4afe-a9bb-5284e00230cc,d94fe5a8-0009-4000-8000-000000000009,2019-12-15 10:00:00+03,5,4,5
30bab7ef-90c2-4b2f-84e1-8c36ca13d09a,33dea239-2610-49d9-8f33-748f62f04e74,fa001e78-0009-4000-8000-000000000009,2011-08-15 10:00:00+03,4,5,4
30bab7ef-90c2-4b2f-84e1-8c36ca13d09a,33dea239-2610-49d9-8f33-748f62f04e74,fa001e78-0009-4000-8000-000000000009,2011-10-15 10:00:00+03,5,4,5
30bab7ef-90c2-4b2f-84e1-8c36ca13d09a,33dea239-2610-49d9-8f33-748f62f04e74,fa001e78-0009-4000-8000-000000000009,2011-12-15 10:00:00+03,4,5,4
30bab7ef-90c2-4b2f-84e1-8c36ca13d09a,33dea239-2610-49d9-8f33-748f62f04e74,fa001e78-0009-4000-8000-000000000009,2012-02-15 10:00:00+03,5,4,5
30bab7ef-90c2-4b2f-84e1-8c36ca13d09a,33dea239-2610-49d9-8f33-748f62f04e74,fa001e78-0009-4000-8000-000000000009,2012-04-15 10:00:00+03,4,5,4
30bab7ef-90c2-4b2f-84e1-8c36ca13d09a,33dea239-2610-49d9-8f33-748f62f04e74,fa001e78-0009-4000-8000-000000000009,2012-06-15 10:00:00+03,5,4,5
30bab7ef-90c2-4b2f-84e1-8c36ca13d09a,33dea239-2610-49d9-8f33-748f62f04e74,fa001e78-0009-4000-8000-000000000009,2012-08-15 10:00:00+03,4,5,4
30bab7ef-90c2-4b2f-84e1-8c36ca13d09a,33dea239-2610-49d9-8f33-748f62f04e74,fa001e78-0009-4000-8000-000000000009,2012-10-15 10:00:00+03,5,4,5
30bab7ef-90c2-4b2f-84e1-8c36ca13d09a,33dea239-2610-49d9-8f33-748f62f04e74,fa001e78-0009-4000-8000-000000000009,2012-12-15 10:00:00+03,4,5,4
30bab7ef-90c2-4b2f-84e1-8c36ca13d09a,33dea239-2610-49d9-8f33-748f62f04e74,fa001e78-0009-4000-8000-000000000009,2013-02-15 10:00:00+03,5,4,5
30bab7ef-90c2-4b2f-84e1-8c36ca13d09a,33dea239-2610-49d9-8f33-748f62f04e74,fa001e78-0009-4000-8000-000000000009,2013-04-15 10:00:00+03,4,5,4
30bab7ef-90c2-4b2f-84e1-8c36ca13d09a,33dea239-2610-49d9-8f33-748f62f04e74,fa001e78-0009-4000-8000-000000000009,2013-06-15 10:00:00+03,5,4,5
30bab7ef-90c2-4b2f-84e1-8c36ca13d09a,33dea239-2610-49d9-8f33-748f62f04e74,fa001e78-0009-4000-8000-000000000009,2013-08-15 10:00:00+03,4,5,4
30bab7ef-90c2-4b2f-84e1-8c36ca13d09a,33dea239-2610-49d9-8f33-748f62f04e74,fa001e78-0009-4000-8000-000000000009,2013-10-15 10:00:00+03,5,4,5
30bab7ef-90c2-4b2f-84e1-8c36ca13d09a,33dea239-2610-49d9-8f33-748f62f04e74,fa001e78-0009-4000-8000-000000000009,2013-12-15 10:00:00+03,4,5,4
30bab7ef-90c2-4b2f-84e1-8c36ca13d09a,33dea239-2610-49d9-8f33-748f62f04e74,fa001e78-0009-4000-8000-000000000009,2014-02-15 10:00:00+03,5,4,5
30bab7ef-90c2-4b2f-84e1-8c36ca13d09a,33dea239-2610-49d9-8f33-748f62f04e74,fa001e78-0009-4000-8000-000000000009,2014-04-15 10:00:00+03,4,5,4
30bab7ef-90c2-4b2f-84e1-8c36ca13d09a,33dea239-2610-49d9-8f33-748f62f04e74,fa001e78-0009-4000-8000-000000000009,2014-06-15 10:00:00+03,5,4,5
30bab7ef-90c2-4b2f-84e1-8c36ca13d09a,21cc75fe-63ea-43c4-8232-c93ffccd30b0,0ae9589e-0009-4000-8000-000000000009,2011-08-15 10:00:00+03,4,5,4
30bab7ef-90c2-4b2f-84e1-8c36ca13d09a,21cc75fe-63ea-43c4-8232-c93ffccd30b0,0ae9589e-0009-4000-8000-000000000009,2011-10-15 10:00:00+03,5,4,5
30bab7ef-90c2-4b2f-84e1-8c36ca13d09a,21cc75fe-63ea-43c4-8232-c93ffccd30b0,0ae9589e-0009-4000-8000-000000000009,2011-12-15 10:00:00+03,4,5,4
30bab7ef-90c2-4b2f-84e1-8c36ca13d09a,21cc75fe-63ea-43c4-8232-c93ffccd30b0,0ae9589e-0009-4000-8000-000000000009,2012-02-15 10:00:00+03,5,4,5
30bab7ef-90c2-4b2f-84e1-8c36ca13d09a,21cc75fe-63ea-43c4-8232-c93ffccd30b0,0ae9589e-0009-4000-8000-000000000009,2012-04-15 10:00:00+03,4,5,4
30bab7ef-90c2-4b2f-84e1-8c36ca13d09a,21cc75fe-63ea-43c4-8232-c93ffccd30b0,0ae9589e-0009-4000-8000-000000000009,2012-06-15 10:00:00+03,5,4,5
30bab7ef-90c2-4b2f-84e1-8c36ca13d09a,21cc75fe-63ea-43c4-8232-c93ffccd30b0,0ae9589e-0009-4000-8000-000000000009,2012-08-15 10:00:00+03,4,5,4
30bab7ef-90c2-4b2f-84e1-8c36ca13d09a,21cc75fe-63ea-43c4-8232-c93ffccd30b0,0ae9589e-0009-4000-8000-000000000009,2012-10-15 10:00:00+03,5,4,5
30bab7ef-90c2-4b2f-84e1-8c36ca13d09a,21cc75fe-63ea-43c4-8232-c93ffccd30b0,0ae9589e-0009-4000-8000-000000000009,2012-12-15 10:00:00+03,4,5,4
30bab7ef-90c2-4b2f-84e1-8c36ca13d09a,21cc75fe-63ea-43c4-8232-c93ffccd30b0,0ae9589e-0009-4000-8000-000000000009,2013-02-15 10:00:00+03,5,4,5
30bab7ef-90c2-4b2f-84e1-8c36ca13d09a,21cc75fe-63ea-43c4-8232-c93ffccd30b0,0ae9589e-0009-4000-8000-000000000009,2013-04-15 10:00:00+03,4,5,4
30bab7ef-90c2-4b2f-84e1-8c36ca13d09a,21cc75fe-63ea-43c4-8232-c93ffccd30b0,0ae9589e-0009-4000-8000-000000000009,2013-06-15 10:00:00+03,5,4,5
30bab7ef-90c2-4b2f-84e1-8c36ca13d09a,21cc75fe-63ea-43c4-8232-c93ffccd30b0,0ae9589e-0009-4000-8000-000000000009,2013-08-15 10:00:00+03,4,5,4
30bab7ef-90c2-4b2f-84e1-8c36ca13d09a,21cc75fe-63ea-43c4-8232-c93ffccd30b0,0ae9589e-0009-4000-8000-000000000009,2013-10-15 10:00:00+03,5,4,5
30bab7ef-90c2-4b2f-84e1-8c36ca13d09a,21cc75fe-63ea-43c4-8232-c93ffccd30b0,0ae9589e-0009-4000-8000-000000000009,2013-12-15 10:00:00+03,4,5,4
30bab7ef-90c2-4b2f-84e1-8c36ca13d09a,21cc75fe-63ea-43c4-8232-c93ffccd30b0,0ae9589e-0009-4000-8000-000000000009,2014-02-15 10:00:00+03,5,4,5
30bab7ef-90c2-4b2f-84e1-8c36ca13d09a,21cc75fe-63ea-43c4-8232-c93ffccd30b0,0ae9589e-0009-4000-8000-000000000009,2014-04-15 10:00:00+03,4,5,4
30bab7ef-90c2-4b2f-84e1-8c36ca13d09a,21cc75fe-63ea-43c4-8232-c93ffccd30b0,0ae9589e-0009-4000-8000-000000000009,2014-06-15 10:00:00+03,5,4,5
c7cabdc2-d5c7-4b0b-b607-fe7e3774bfab,bad8a5a0-ec08-412e-8f19-0d9e993d5651,fa001e78-0007-4000-8000-000000000007,2010-08-15 10:00:00+03,3,4,3
c7cabdc2-d5c7-4b0b-b607-fe7e3774bfab,bad8a5a0-ec08-412e-8f19-0d9e993d5651,fa001e78-0007-4000-8000-000000000007,2010-10-15 10:00:00+03,4,4,3
c7cabdc2-d5c7-4b0b-b607-fe7e3774bfab,bad8a5a0-ec08-412e-8f19-0d9e993d5651,fa001e78-0007-4000-8000-000000000007,2010-12-15 10:00:00+03,4,5,4
c7cabdc2-d5c7-4b0b-b607-fe7e3774bfab,bad8a5a0-ec08-412e-8f19-0d9e993d5651,fa001e78-0007-4000-8000-000000000007,2011-02-15 10:00:00+03,5,4,4
c7cabdc2-d5c7-4b0b-b607-fe7e3774bfab,bad8a5a0-ec08-412e-8f19-0d9e993d5651,fa001e78-0007-4000-8000-000000000007,2011-04-15 10:00:00+03,4,5,5
c7cabdc2-d5c7-4b0b-b607-fe7e3774bfab,bad8a5a0-ec08-412e-8f19-0d9e993d5651,fa001e78-0007-4000-8000-000000000007,2011-06-15 10:00:00+03,5,4,4
a2c7e633-3b34-4143-801a-65fe6f700364,33dea239-2610-49d9-8f33-748f62f04e74,fa001e78-0008-4000-8000-000000000008,2011-08-15 10:00:00+03,2,3,2
a2c7e633-3b34-4143-801a-65fe6f700364,33dea239-2610-49d9-8f33-748f62f04e74,fa001e78-0008-4000-8000-000000000008,2011-10-15 10:00:00+03,3,3,3
a2c7e633-3b34-4143-801a-65fe6f700364,33dea239-2610-49d9-8f33-748f62f04e74,fa001e78-0008-4000-8000-000000000008,2011-12-15 10:00:00+03,3,4,3
a2c7e633-3b34-4143-801a-65fe6f700364,33dea239-2610-49d9-8f33-748f62f04e74,fa001e78-0008-4000-8000-000000000008,2012-02-15 10:00:00+03,4,4,4
a2c7e633-3b34-4143-801a-65fe6f700364,33dea239-2610-49d9-8f33-748f62f04e74,fa001e78-0008-4000-8000-000000000008,2012-04-15 10:00:00+03,4,5,4
a2c7e633-3b34-4143-801a-65fe6f700364,33dea239-2610-49d9-8f33-748f62f04e74,fa001e78-0008-4000-8000-000000000008,2012-06-15 10:00:00+03,5,4,5
9742cf5e-0880-4f57-a0de-1d3bb315f01b,21e41d95-b4e3-4599-bd8f-944dde04f6cb,4eae2daf-0006-4000-8000-000000000006,2012-08-15 10:00:00+03,1,2,1
9742cf5e-0880-4f57-a0de-1d3bb315f01b,21e41d95-b4e3-4599-bd8f-944dde04f6cb,4eae2daf-0006-4000-8000-000000000006,2012-10-15 10:00:00+03,2,3,2
9742cf5e-0880-4f57-a0de-1d3bb315f01b,21e41d95-b4e3-4599-bd8f-944dde04f6cb,4eae2daf-0006-4000-8000-000000000006,2012-12-15 10:00:00+03,3,3,2
9742cf5e-0880-4f57-a0de-1d3bb315f01b,21e41d95-b4e3-4599-bd8f-944dde04f6cb,4eae2daf-0006-4000-8000-000000000006,2013-02-15 10:00:00+03,3,4,3
9742cf5e-0880-4f57-a0de-1d3bb315f01b,21e41d95-b4e3-4599-bd8f-944dde04f6cb,4eae2daf-0006-4000-8000-000000000006,2013-04-15 10:00:00+03,4,4,3
9742cf5e-0880-4f57-a0de-1d3bb315f01b,21e41d95-b4e3-4599-bd8f-944dde04f6cb,4eae2daf-0006-4000-8000-000000000006,2013-06-15 10:00:00+03,4,5,4
d1e498e0-2d34-49f3-896e-5309e31e6ecb,c7cabdc2-d5c7-4b0b-b607-fe7e3774bfab,42790098-0006-4000-8000-000000000006,2013-08-15 10:00:00+03,2,3,2
d1e498e0-2d34-49f3-896e-5309e31e6ecb,c7cabdc2-d5c7-4b0b-b607-fe7e3774bfab,42790098-0006-4000-8000-000000000006,2013-10-15 10:00:00+03,3,4,3
d1e498e0-2d34-49f3-896e-5309e31e6ecb,c7cabdc2-d5c7-4b0b-b607-fe7e3774bfab,42790098-0006-4000-8000-000000000006,2013-12-15 10:00:00+03,4,4,3
d1e498e0-2d34-49f3-896e-5309e31e6ecb,c7cabdc2-d5c7-4b0b-b607-fe7e3774bfab,42790098-0006-4000-8000-000000000006,2014-02-15 10:00:00+03,4,5,4
d1e498e0-2d34-49f3-896e-5309e31e6ecb,c7cabdc2-d5c7-4b0b-b607-fe7e3774bfab,42790098-0006-4000-8000-000000000006,2014-04-15 10:00:00+03,5,4,4
d1e498e0-2d34-49f3-896e-5309e31e6ecb,c7cabdc2-d5c7-4b0b-b607-fe7e3774bfab,42790098-0006-4000-8000-000000000006,2014-06-15 10:00:00+03,5,5,5
156df69b-fc84-4149-a733-7b70d1b4a111,21cc75fe-63ea-43c4-8232-c93ffccd30b0,0ae9589e-0006-4000-8000-000000000006,2014-08-15 10:00:00+03,3,4,3
156df69b-fc84-4149-a733-7b70d1b4a111,21cc75fe-63ea-43c4-8232-c93ffccd30b0,0ae9589e-0006-4000-8000-000000000006,2014-10-15 10:00:00+03,4,4,4
156df69b-fc84-4149-a733-7b70d1b4a111,21cc75fe-63ea-43c4-8232-c93ffccd30b0,0ae9589e-0006-4000-8000-000000000006,2014-12-15 10:00:00+03,4,5,4
156df69b-fc84-4149-a733-7b70d1b4a111,21cc75fe-63ea-43c4-8232-c93ffccd30b0,0ae9589e-0006-4000-8000-000000000006,2015-02-15 10:00:00+03,5,4,5
156df69b-fc84-4149-a733-7b70d1b4a111,21cc75fe-63ea-43c4-8232-c93ffccd30b0,0ae9589e-0006-4000-8000-000000000006,2015-04-15 10:00:00+03,5,5,4
156df69b-fc84-4149-a733-7b70d1b4a111,21cc75fe-63ea-43c4-8232-c93ffccd30b0,0ae9589e-0006-4000-8000-000000000006,2015-06-15 10:00:00+03,5,5,5
67fa667a-2fc8-41b9-b710-ace86f5e56fc,ed01868b-f88b-4afe-a9bb-5284e00230cc,d94fe5a8-0006-4000-8000-000000000006,2015-08-15 10:00:00+03,1,2,1
67fa667a-2fc8-41b9-b710-ace86f5e56fc,ed01868b-f88b-4afe-a9bb-5284e00230cc,d94fe5a8-0006-4000-8000-000000000006,2015-10-15 10:00:00+03,2,3,2
67fa667a-2fc8-41b9-b710-ace86f5e56fc,ed01868b-f88b-4afe-a9bb-5284e00230cc,d94fe5a8-0006-4000-8000-000000000006,2015-12-15 10:00:00+03,3,3,2
67fa667a-2fc8-41b9-b710-ace86f5e56fc,ed01868b-f88b-4afe-a9bb-5284e00230cc,d94fe5a8-0006-4000-8000-000000000006,2016-02-15 10:00:00+03,3,4,3
67fa667a-2fc8-41b9-b710-ace86f5e56fc,ed01868b-f88b-4afe-a9bb-5284e00230cc,d94fe5a8-0006-4000-8000-000000000006,2016-04-15 10:00:00+03,4,4,3
67fa667a-2fc8-41b9-b710-ace86f5e56fc,ed01868b-f88b-4afe-a9bb-5284e00230cc,d94fe5a8-0006-4000-8000-000000000006,2016-06-15 10:00:00+03,4,5,4
3f6fe29a-9338-449b-a6b3-8be82ef24f8e,33dea239-2610-49d9-8f33-748f62f04e74,fa001e78-0008-4000-8000-000000000008,2016-08-15 10:00:00+03,2,3,2
3f6fe29a-9338-449b-a6b3-8be82ef24f8e,33dea239-2610-49d9-8f33-748f62f04e74,fa001e78-0008-4000-8000-000000000008,2016-10-15 10:00:00+03,3,3,3
3f6fe29a-9338-449b-a6b3-8be82ef24f8e,33dea239-2610-49d9-8f33-748f62f04e74,fa001e78-0008-4000-8000-000000000008,2016-12-15 10:00:00+03,3,4,3
3f6fe29a-9338-449b-a6b3-8be82ef24f8e,33dea239-2610-49d9-8f33-748f62f04e74,fa001e78-0008-4000-8000-000000000008,2017-02-15 10:00:00+03,4,4,4
3f6fe29a-9338-449b-a6b3-8be82ef24f8e,33dea239-2610-49d9-8f33-748f62f04e74,fa001e78-0008-4000-8000-000000000008,2017-04-15 10:00:00+03,4,5,4
3f6fe29a-9338-449b-a6b3-8be82ef24f8e,33dea239-2610-49d9-8f33-748f62f04e74,fa001e78-0008-4000-8000-000000000008,2017-06-15 10:00:00+03,5,4,5
707eaedc-b284-4c7e-9ef8-ac8b0691f974,21e41d95-b4e3-4599-bd8f-944dde04f6cb,4eae2daf-0008-4000-8000-000000000008,2017-08-15 10:00:00+03,3,4,3
707eaedc-b284-4c7e-9ef8-ac8b0691f974,21e41d95-b4e3-4599-bd8f-944dde04f6cb,4eae2daf-0008-4000-8000-000000000008,2017-10-15 10:00:00+03,4,4,4
707eaedc-b284-4c7e-9ef8-ac8b0691f974,21e41d95-b4e3-4599-bd8f-944dde04f6cb,4eae2daf-0008-4000-8000-000000000008,2017-12-15 10:00:00+03,4,5,4
707eaedc-b284-4c7e-9ef8-ac8b0691f974,21e41d95-b4e3-4599-bd8f-944dde04f6cb,4eae2daf-0008-4000-8000-000000000008,2018-02-15 10:00:00+03,5,4,5
707eaedc-b284-4c7e-9ef8-ac8b0691f974,21e41d95-b4e3-4599-bd8f-944dde04f6cb,4eae2daf-0008-4000-8000-000000000008,2018-04-15 10:00:00+03,5,5,4
707eaedc-b284-4c7e-9ef8-ac8b0691f974,21e41d95-b4e3-4599-bd8f-944dde04f6cb,4eae2daf-0008-4000-8000-000000000008,2018-06-15 10:00:00+03,5,5,5
28786a1b-d0c5-404e-be11-399cb8dcf4e9,21cc75fe-63ea-43c4-8232-c93ffccd30b0,0ae9589e-0008-4000-8000-000000000008,2018-08-15 10:00:00+03,2,3,2
28786a1b-d0c5-404e-be11-399cb8dcf4e9,21cc75fe-63ea-43c4-8232-c93ffccd30b0,0ae9589e-0008-4000-8000-000000000008,2018-10-15 10:00:00+03,3,3,3
28786a1b-d0c5-404e-be11-399cb8dcf4e9,21cc75fe-63ea-43c4-8232-c93ffccd30b0,0ae9589e-0008-4000-8000-000000000008,2018-12-15 10:00:00+03,3,4,3
28786a1b-d0c5-404e-be11-399cb8dcf4e9,21cc75fe-63ea-43c4-8232-c93ffccd30b0,0ae9589e-0008-4000-8000-000000000008,2019-02-15 10:00:00+03,4,4,4
28786a1b-d0c5-404e-be11-399cb8dcf4e9,21cc75fe-63ea-43c4-8232-c93ffccd30b0,0ae9589e-0008-4000-8000-000000000008,2019-04-15 10:00:00+03,4,5,4
28786a1b-d0c5-404e-be11-399cb8dcf4e9,21cc75fe-63ea-43c4-8232-c93ffccd30b0,0ae9589e-0008-4000-8000-000000000008,2019-06-15 10:00:00+03,5,4,5
21cc75fe-63ea-43c4-8232-c93ffccd30b0,ed01868b-f88b-4afe-a9bb-5284e00230cc,d94fe5a8-0008-4000-8000-000000000008,2019-08-15 10:00:00+03,3,4,3
21cc75fe-63ea-43c4-8232-c93ffccd30b0,ed01868b-f88b-4afe-a9bb-5284e00230cc,d94fe5a8-0008-4000-8000-000000000008,2019-10-15 10:00:00+03,4,4,4
21cc75fe-63ea-43c4-8232-c93ffccd30b0,ed01868b-f88b-4afe-a9bb-5284e00230cc,d94fe5a8-0008-4000-8000-000000000008,2019-12-15 10:00:00+03,4,5,4
21cc75fe-63ea-43c4-8232-c93ffccd30b0,ed01868b-f88b-4afe-a9bb-5284e00230cc,d94fe5a8-0008-4000-8000-000000000008,2020-02-15 10:00:00+03,5,4,5
21cc75fe-63ea-43c4-8232-c93ffccd30b0,ed01868b-f88b-4afe-a9bb-5284e00230cc,d94fe5a8-0008-4000-8000-000000000008,2020-04-15 10:00:00+03,5,5,4
21cc75fe-63ea-43c4-8232-c93ffccd30b0,ed01868b-f88b-4afe-a9bb-5284e00230cc,d94fe5a8-0008-4000-8000-000000000008,2020-06-15 10:00:00+03,5,5,5
53f908b8-5353-403c-a5c5-9c3f3fc92392,33dea239-2610-49d9-8f33-748f62f04e74,fa001e78-0009-4000-8000-000000000009,2020-08-15 10:00:00+03,1,2,1
53f908b8-5353-403c-a5c5-9c3f3fc92392,33dea239-2610-49d9-8f33-748f62f04e74,fa001e78-0009-4000-8000-000000000009,2020-10-15 10:00:00+03,2,3,2
53f908b8-5353-403c-a5c5-9c3f3fc92392,33dea239-2610-49d9-8f33-748f62f04e74,fa001e78-0009-4000-8000-000000000009,2020-12-15 10:00:00+03,3,3,2
53f908b8-5353-403c-a5c5-9c3f3fc92392,33dea239-2610-49d9-8f33-748f62f04e74,fa001e78-0009-4000-8000-000000000009,2021-02-15 10:00:00+03,3,4,3
53f908b8-5353-403c-a5c5-9c3f3fc92392,33dea239-2610-49d9-8f33-748f62f04e74,fa001e78-0009-4000-8000-000000000009,2021-04-15 10:00:00+03,4,4,3
53f908b8-5353-403c-a5c5-9c3f3fc92392,33dea239-2610-49d9-8f33-748f62f04e74,fa001e78-0009-4000-8000-000000000009,2021-06-15 10:00:00+03,4,5,4
91e806c5-cac6-4789-a8fe-f94c6ca9c545,21e41d95-b4e3-4599-bd8f-944dde04f6cb,4eae2daf-0009-4000-8000-000000000009,2021-08-15 10:00:00+03,2,3,2
91e806c5-cac6-4789-a8fe-f94c6ca9c545,21e41d95-b4e3-4599-bd8f-944dde04f6cb,4eae2daf-0009-4000-8000-000000000009,2021-10-15 10:00:00+03,3,3,3
91e806c5-cac6-4789-a8fe-f94c6ca9c545,21e41d95-b4e3-4599-bd8f-944dde04f6cb,4eae2daf-0009-4000-8000-000000000009,2021-12-15 10:00:00+03,3,4,3
91e806c5-cac6-4789-a8fe-f94c6ca9c545,21e41d95-b4e3-4599-bd8f-944dde04f6cb,4eae2daf-0009-4000-8000-000000000009,2022-02-15 10:00:00+03,4,4,4
91e806c5-cac6-4789-a8fe-f94c6ca9c545,21e41d95-b4e3-4599-bd8f-944dde04f6cb,4eae2daf-0009-4000-8000-000000000009,2022-04-15 10:00:00+03,4,5,4
91e806c5-cac6-4789-a8fe-f94c6ca9c545,21e41d95-b4e3-4599-bd8f-944dde04f6cb,4eae2daf-0009-4000-8000-000000000009,2022-06-15 10:00:00+03,5,4,5
651f03c3-6581-4636-9602-a6c17e1eca12,21cc75fe-63ea-43c4-8232-c93ffccd30b0,0ae9589e-0009-4000-8000-000000000009,2022-08-15 10:00:00+03,3,4,3
651f03c3-6581-4636-9602-a6c17e1eca12,21cc75fe-63ea-43c4-8232-c93ffccd30b0,0ae9589e-0009-4000-8000-000000000009,2022-10-15 10:00:00+03,4,4,4
651f03c3-6581-4636-9602-a6c17e1eca12,21cc75fe-63ea-43c4-8232-c93ffccd30b0,0ae9589e-0009-4000-8000-000000000009,2022-12-15 10:00:00+03,4,5,4
651f03c3-6581-4636-9602-a6c17e1eca12,21cc75fe-63ea-43c4-8232-c93ffccd30b0,0ae9589e-0009-4000-8000-000000000009,2023-02-15 10:00:00+03,5,4,5
651f03c3-6581-4636-9602-a6c17e1eca12,21cc75fe-63ea-43c4-8232-c93ffccd30b0,0ae9589e-0009-4000-8000-000000000009,2023-04-15 10:00:00+03,5,5,4
651f03c3-6581-4636-9602-a6c17e1eca12,21cc75fe-63ea-43c4-8232-c93ffccd30b0,0ae9589e-0009-4000-8000-000000000009,2023-06-15 10:00:00+03,5,5,5
3734ba99-a18b-4eda-a827-4b4881de5195,ed01868b-f88b-4afe-a9bb-5284e00230cc,d94fe5a8-0009-4000-8000-000000000009,2023-08-15 10:00:00+03,1,2,1
3734ba99-a18b-4eda-a827-4b4881de5195,ed01868b-f88b-4afe-a9bb-5284e00230cc,d94fe5a8-0009-4000-8000-000000000009,2023-10-15 10:00:00+03,2,3,2
3734ba99-a18b-4eda-a827-4b4881de5195,ed01868b-f88b-4afe-a9bb-5284e00230cc,d94fe5a8-0009-4000-8000-000000000009,2023-12-15 10:00:00+03,3,3,2
3734ba99-a18b-4eda-a827-4b4881de5195,ed01868b-f88b-4afe-a9bb-5284e00230cc,d94fe5a8-0009-4000-8000-000000000009,2024-02-15 10:00:00+03,3,4,3
3734ba99-a18b-4eda-a827-4b4881de5195,ed01868b-f88b-4afe-a9bb-5284e00230cc,d94fe5a8-0009-4000-8000-000000000009,2024-04-15 10:00:00+03,4,4,3
3734ba99-a18b-4eda-a827-4b4881de5195,ed01868b-f88b-4afe-a9bb-5284e00230cc,d94fe5a8-0009-4000-8000-000000000009,2024-06-15 10:00:00+03,4,5,4
8aab8056-cf47-43d4-9cd7-16557089b4ea,33dea239-2610-49d9-8f33-748f62f04e74,fa001e78-0008-4000-8000-000000000008,2017-08-15 10:00:00+03,2,3,2
8aab8056-cf47-43d4-9cd7-16557089b4ea,33dea239-2610-49d9-8f33-748f62f04e74,fa001e78-0008-4000-8000-000000000008,2017-10-15 10:00:00+03,3,3,3
8aab8056-cf47-43d4-9cd7-16557089b4ea,33dea239-2610-49d9-8f33-748f62f04e74,fa001e78-0008-4000-8000-000000000008,2017-12-15 10:00:00+03,3,4,3
8aab8056-cf47-43d4-9cd7-16557089b4ea,33dea239-2610-49d9-8f33-748f62f04e74,fa001e78-0008-4000-8000-000000000008,2018-02-15 10:00:00+03,4,4,4
8aab8056-cf47-43d4-9cd7-16557089b4ea,33dea239-2610-49d9-8f33-748f62f04e74,fa001e78-0008-4000-8000-000000000008,2018-04-15 10:00:00+03,4,5,4
8aab8056-cf47-43d4-9cd7-16557089b4ea,33dea239-2610-49d9-8f33-748f62f04e74,fa001e78-0008-4000-8000-000000000008,2018-06-15 10:00:00+03,5,4,5
6b30c1d6-5dc9-42e5-817c-41ec6a22659d,21e41d95-b4e3-4599-bd8f-944dde04f6cb,4eae2daf-0007-4000-8000-000000000007,2018-08-15 10:00:00+03,3,4,3
6b30c1d6-5dc9-42e5-817c-41ec6a22659d,21e41d95-b4e3-4599-bd8f-944dde04f6cb,4eae2daf-0007-4000-8000-000000000007,2018-10-15 10:00:00+03,4,4,4
6b30c1d6-5dc9-42e5-817c-41ec6a22659d,21e41d95-b4e3-4599-bd8f-944dde04f6cb,4eae2daf-0007-4000-8000-000000000007,2018-12-15 10:00:00+03,4,5,4
6b30c1d6-5dc9-42e5-817c-41ec6a22659d,21e41d95-b4e3-4599-bd8f-944dde04f6cb,4eae2daf-0007-4000-8000-000000000007,2019-02-15 10:00:00+03,5,4,5
6b30c1d6-5dc9-42e5-817c-41ec6a22659d,21e41d95-b4e3-4599-bd8f-944dde04f6cb,4eae2daf-0007-4000-8000-000000000007,2019-04-15 10:00:00+03,5,5,4
6b30c1d6-5dc9-42e5-817c-41ec6a22659d,21e41d95-b4e3-4599-bd8f-944dde04f6cb,4eae2daf-0007-4000-8000-000000000007,2019-06-15 10:00:00+03,5,5,5
a8941a92-c908-4426-8e69-a896196467db,21cc75fe-63ea-43c4-8232-c93ffccd30b0,0ae9589e-0007-4000-8000-000000000007,2019-08-15 10:00:00+03,1,2,1
a8941a92-c908-4426-8e69-a896196467db,21cc75fe-63ea-43c4-8232-c93ffccd30b0,0ae9589e-0007-4000-8000-000000000007,2019-10-15 10:00:00+03,2,3,2
a8941a92-c908-4426-8e69-a896196467db,21cc75fe-63ea-43c4-8232-c93ffccd30b0,0ae9589e-0007-4000-8000-000000000007,2019-12-15 10:00:00+03,3,3,2
a8941a92-c908-4426-8e69-a896196467db,21cc75fe-63ea-43c4-8232-c93ffccd30b0,0ae9589e-0007-4000-8000-000000000007,2020-02-15 10:00:00+03,3,4,3
a8941a92-c908-4426-8e69-a896196467db,21cc75fe-63ea-43c4-8232-c93ffccd30b0,0ae9589e-0007-4000-8000-000000000007,2020-04-15 10:00:00+03,4,4,3
a8941a92-c908-4426-8e69-a896196467db,21cc75fe-63ea-43c4-8232-c93ffccd30b0,0ae9589e-0007-4000-8000-000000000007,2020-06-15 10:00:00+03,4,5,4
f9f1add9-0321-4917-8f92-271a2204df5d,ed01868b-f88b-4afe-a9bb-5284e00230cc,d94fe5a8-0007-4000-8000-000000000007,2020-08-15 10:00:00+03,2,3,2
f9f1add9-0321-4917-8f92-271a2204df5d,ed01868b-f88b-4afe-a9bb-5284e00230cc,d94fe5a8-0007-4000-8000-000000000007,2020-10-15 10:00:00+03,3,3,3
f9f1add9-0321-4917-8f92-271a2204df5d,ed01868b-f88b-4afe-a9bb-5284e00230cc,d94fe5a8-0007-4000-8000-000000000007,2020-12-15 10:00:00+03,3,4,3
f9f1add9-0321-4917-8f92-271a2204df5d,ed01868b-f88b-4afe-a9bb-5284e00230cc,d94fe5a8-0007-4000-8000-000000000007,2021-02-15 10:00:00+03,4,4,4
f9f1add9-0321-4917-8f92-271a2204df5d,ed01868b-f88b-4afe-a9bb-5284e00230cc,d94fe5a8-0007-4000-8000-000000000007,2021-04-15 10:00:00+03,4,5,4
f9f1add9-0321-4917-8f92-271a2204df5d,ed01868b-f88b-4afe-a9bb-5284e00230cc,d94fe5a8-0007-4000-8000-000000000007,2021-06-15 10:00:00+03,5,4,5
2c354bc1-5c3d-41b3-b406-4540b3fac852,33dea239-2610-49d9-8f33-748f62f04e74,fa001e78-0008-4000-8000-000000000008,2021-08-15 10:00:00+03,2,3,2
2c354bc1-5c3d-41b3-b406-4540b3fac852,33dea239-2610-49d9-8f33-748f62f04e74,fa001e78-0008-4000-8000-000000000008,2021-10-15 10:00:00+03,3,3,3
2c354bc1-5c3d-41b3-b406-4540b3fac852,33dea239-2610-49d9-8f33-748f62f04e74,fa001e78-0008-4000-8000-000000000008,2021-12-15 10:00:00+03,3,4,3
2c354bc1-5c3d-41b3-b406-4540b3fac852,33dea239-2610-49d9-8f33-748f62f04e74,fa001e78-0008-4000-8000-000000000008,2022-02-15 10:00:00+03,4,4,4
2c354bc1-5c3d-41b3-b406-4540b3fac852,33dea239-2610-49d9-8f33-748f62f04e74,fa001e78-0008-4000-8000-000000000008,2022-04-15 10:00:00+03,4,5,4
2c354bc1-5c3d-41b3-b406-4540b3fac852,33dea239-2610-49d9-8f33-748f62f04e74,fa001e78-0008-4000-8000-000000000008,2022-06-15 10:00:00+03,5,4,5
8cd1cbaf-e589-4009-b74b-797d5be8ca33,21e41d95-b4e3-4599-bd8f-944dde04f6cb,4eae2daf-0007-4000-8000-000000000007,2022-08-15 10:00:00+03,3,4,3
8cd1cbaf-e589-4009-b74b-797d5be8ca33,21e41d95-b4e3-4599-bd8f-944dde04f6cb,4eae2daf-0007-4000-8000-000000000007,2022-10-15 10:00:00+03,4,4,4
8cd1cbaf-e589-4009-b74b-797d5be8ca33,21e41d95-b4e3-4599-bd8f-944dde04f6cb,4eae2daf-0007-4000-8000-000000000007,2022-12-15 10:00:00+03,4,5,4
8cd1cbaf-e589-4009-b74b-797d5be8ca33,21e41d95-b4e3-4599-bd8f-944dde04f6cb,4eae2daf-0007-4000-8000-000000000007,2023-02-15 10:00:00+03,5,4,5
8cd1cbaf-e589-4009-b74b-797d5be8ca33,21e41d95-b4e3-4599-bd8f-944dde04f6cb,4eae2daf-0007-4000-8000-000000000007,2023-04-15 10:00:00+03,5,5,4
8cd1cbaf-e589-4009-b74b-797d5be8ca33,21e41d95-b4e3-4599-bd8f-944dde04f6cb,4eae2daf-0007-4000-8000-000000000007,2023-06-15 10:00:00+03,5,5,5
2a1102ab-bb9f-40ce-9155-10e25e35f364,21cc75fe-63ea-43c4-8232-c93ffccd30b0,0ae9589e-0007-4000-8000-000000000007,2023-08-15 10:00:00+03,1,2,1
2a1102ab-bb9f-40ce-9155-10e25e35f364,21cc75fe-63ea-43c4-8232-c93ffccd30b0,0ae9589e-0007-4000-8000-000000000007,2023-10-15 10:00:00+03,2,3,2
2a1102ab-bb9f-40ce-9155-10e25e35f364,21cc75fe-63ea-43c4-8232-c93ffccd30b0,0ae9589e-0007-4000-8000-000000000007,2023-12-15 10:00:00+03,3,3,2
2a1102ab-bb9f-40ce-9155-10e25e35f364,21cc75fe-63ea-43c4-8232-c93ffccd30b0,0ae9589e-0007-4000-8000-000000000007,2024-02-15 10:00:00+03,3,4,3
2a1102ab-bb9f-40ce-9155-10e25e35f364,21cc75fe-63ea-43c4-8232-c93ffccd30b0,0ae9589e-0007-4000-8000-000000000007,2024-04-15 10:00:00+03,4,4,3
2a1102ab-bb9f-40ce-9155-10e25e35f364,21cc75fe-63ea-43c4-8232-c93ffccd30b0,0ae9589e-0007-4000-8000-000000000007,2024-06-15 10:00:00+03,4,5,4
af8d1940-6755-44f1-becf-eafcdfba3457,ed01868b-f88b-4afe-a9bb-5284e00230cc,d94fe5a8-0007-4000-8000-000000000007,2024-08-15 10:00:00+03,2,3,2
af8d1940-6755-44f1-becf-eafcdfba3457,ed01868b-f88b-4afe-a9bb-5284e00230cc,d94fe5a8-0007-4000-8000-000000000007,2024-10-15 10:00:00+03,3,3,3
af8d1940-6755-44f1-becf-eafcdfba3457,ed01868b-f88b-4afe-a9bb-5284e00230cc,d94fe5a8-0007-4000-8000-000000000007,2024-12-15 10:00:00+03,3,4,3
af8d1940-6755-44f1-becf-eafcdfba3457,ed01868b-f88b-4afe-a9bb-5284e00230cc,d94fe5a8-0007-4000-8000-000000000007,2025-02-15 10:00:00+03,4,4,4
af8d1940-6755-44f1-becf-eafcdfba3457,ed01868b-f88b-4afe-a9bb-5284e00230cc,d94fe5a8-0007-4000-8000-000000000007,2025-04-15 10:00:00+03,4,5,4
af8d1940-6755-44f1-becf-eafcdfba3457,ed01868b-f88b-4afe-a9bb-5284e00230cc,d94fe5a8-0007-4000-8000-000000000007,2025-06-15 10:00:00+03,5,4,5
eab25f5b-ed35-4925-86de-83a96698187f,33dea239-2610-49d9-8f33-748f62f04e74,fa001e78-0008-4000-8000-000000000008,2025-08-15 10:00:00+03,3,4,3
eab25f5b-ed35-4925-86de-83a96698187f,33dea239-2610-49d9-8f33-748f62f04e74,fa001e78-0008-4000-8000-000000000008,2025-10-15 10:00:00+03,4,4,4
eab25f5b-ed35-4925-86de-83a96698187f,33dea239-2610-49d9-8f33-748f62f04e74,fa001e78-0008-4000-8000-000000000008,2025-12-15 10:00:00+03,4,5,4
eab25f5b-ed35-4925-86de-83a96698187f,33dea239-2610-49d9-8f33-748f62f04e74,fa001e78-0008-4000-8000-000000000008,2026-02-15 10:00:00+03,5,4,5
eab25f5b-ed35-4925-86de-83a96698187f,33dea239-2610-49d9-8f33-748f62f04e74,fa001e78-0008-4000-8000-000000000008,2026-04-15 10:00:00+03,5,5,4
eab25f5b-ed35-4925-86de-83a96698187f,33dea239-2610-49d9-8f33-748f62f04e74,fa001e78-0008-4000-8000-000000000008,2026-06-15 10:00:00+03,5,5,5
e91ba438-a838-476a-9c05-070116511640,21e41d95-b4e3-4599-bd8f-944dde04f6cb,4eae2daf-0007-4000-8000-000000000007,2026-08-15 10:00:00+03,1,2,1
e91ba438-a838-476a-9c05-070116511640,21e41d95-b4e3-4599-bd8f-944dde04f6cb,4eae2daf-0007-4000-8000-000000000007,2026-10-15 10:00:00+03,2,3,2
e91ba438-a838-476a-9c05-070116511640,21e41d95-b4e3-4599-bd8f-944dde04f6cb,4eae2daf-0007-4000-8000-000000000007,2026-12-15 10:00:00+03,3,3,2
e91ba438-a838-476a-9c05-070116511640,21e41d95-b4e3-4599-bd8f-944dde04f6cb,4eae2daf-0007-4000-8000-000000000007,2027-02-15 10:00:00+03,3,4,3
e91ba438-a838-476a-9c05-070116511640,21e41d95-b4e3-4599-bd8f-944dde04f6cb,4eae2daf-0007-4000-8000-000000000007,2027-04-15 10:00:00+03,4,4,3
e91ba438-a838-476a-9c05-070116511640,21e41d95-b4e3-4599-bd8f-944dde04f6cb,4eae2daf-0007-4000-8000-000000000007,2027-06-15 10:00:00+03,4,5,4
93316aa7-6909-4152-8ea4-09839ba4f25a,21cc75fe-63ea-43c4-8232-c93ffccd30b0,0ae9589e-0007-4000-8000-000000000007,2027-08-15 10:00:00+03,2,3,2
93316aa7-6909-4152-8ea4-09839ba4f25a,21cc75fe-63ea-43c4-8232-c93ffccd30b0,0ae9589e-0007-4000-8000-000000000007,2027-10-15 10:00:00+03,3,3,3
93316aa7-6909-4152-8ea4-09839ba4f25a,21cc75fe-63ea-43c4-8232-c93ffccd30b0,0ae9589e-0007-4000-8000-000000000007,2027-12-15 10:00:00+03,3,4,3
93316aa7-6909-4152-8ea4-09839ba4f25a,21cc75fe-63ea-43c4-8232-c93ffccd30b0,0ae9589e-0007-4000-8000-000000000007,2028-02-15 10:00:00+03,4,4,4
93316aa7-6909-4152-8ea4-09839ba4f25a,21cc75fe-63ea-43c4-8232-c93ffccd30b0,0ae9589e-0007-4000-8000-000000000007,2028-04-15 10:00:00+03,4,5,4
93316aa7-6909-4152-8ea4-09839ba4f25a,21cc75fe-63ea-43c4-8232-c93ffccd30b0,0ae9589e-0007-4000-8000-000000000007,2028-06-15 10:00:00+03,5,4,5
bb12a3dc-5d3b-4fb9-8a73-acddee0e9fae,ed01868b-f88b-4afe-a9bb-5284e00230cc,d94fe5a8-0007-4000-8000-000000000007,2028-08-15 10:00:00+03,3,4,3
bb12a3dc-5d3b-4fb9-8a73-acddee0e9fae,ed01868b-f88b-4afe-a9bb-5284e00230cc,d94fe5a8-0007-4000-8000-000000000007,2028-10-15 10:00:00+03,4,4,4
bb12a3dc-5d3b-4fb9-8a73-acddee0e9fae,ed01868b-f88b-4afe-a9bb-5284e00230cc,d94fe5a8-0007-4000-8000-000000000007,2028-12-15 10:00:00+03,4,5,4
bb12a3dc-5d3b-4fb9-8a73-acddee0e9fae,ed01868b-f88b-4afe-a9bb-5284e00230cc,d94fe5a8-0007-4000-8000-000000000007,2029-02-15 10:00:00+03,5,4,5
bb12a3dc-5d3b-4fb9-8a73-acddee0e9fae,ed01868b-f88b-4afe-a9bb-5284e00230cc,d94fe5a8-0007-4000-8000-000000000007,2029-04-15 10:00:00+03,5,5,4
bb12a3dc-5d3b-4fb9-8a73-acddee0e9fae,ed01868b-f88b-4afe-a9bb-5284e00230cc,d94fe5a8-0007-4000-8000-000000000007,2029-06-15 10:00:00+03,5,5,5
cb16721f-b794-4cf9-91de-124cd4f9b8f1,33dea239-2610-49d9-8f33-748f62f04e74,fa001e78-0008-4000-8000-000000000008,2029-08-15 10:00:00+03,1,2,1
cb16721f-b794-4cf9-91de-124cd4f9b8f1,33dea239-2610-49d9-8f33-748f62f04e74,fa001e78-0008-4000-8000-000000000008,2029-10-15 10:00:00+03,2,3,2
cb16721f-b794-4cf9-91de-124cd4f9b8f1,33dea239-2610-49d9-8f33-748f62f04e74,fa001e78-0008-4000-8000-000000000008,2029-12-15 10:00:00+03,3,3,2
cb16721f-b794-4cf9-91de-124cd4f9b8f1,33dea239-2610-49d9-8f33-748f62f04e74,fa001e78-0008-4000-8000-000000000008,2030-02-15 10:00:00+03,3,4,3
cb16721f-b794-4cf9-91de-124cd4f9b8f1,33dea239-2610-49d9-8f33-748f62f04e74,fa001e78-0008-4000-8000-000000000008,2030-04-15 10:00:00+03,4,4,3
cb16721f-b794-4cf9-91de-124cd4f9b8f1,33dea239-2610-49d9-8f33-748f62f04e74,fa001e78-0008-4000-8000-000000000008,2030-06-15 10:00:00+03,4,5,4
4889eebd-778a-4947-ae1b-a50f4688731d,21e41d95-b4e3-4599-bd8f-944dde04f6cb,4eae2daf-0007-4000-8000-000000000007,2030-08-15 10:00:00+03,2,3,2
4889eebd-778a-4947-ae1b-a50f4688731d,21e41d95-b4e3-4599-bd8f-944dde04f6cb,4eae2daf-0007-4000-8000-000000000007,2030-10-15 10:00:00+03,3,3,3
4889eebd-778a-4947-ae1b-a50f4688731d,21e41d95-b4e3-4599-bd8f-944dde04f6cb,4eae2daf-0007-4000-8000-000000000007,2030-12-15 10:00:00+03,3,4,3
4889eebd-778a-4947-ae1b-a50f4688731d,21e41d95-b4e3-4599-bd8f-944dde04f6cb,4eae2daf-0007-4000-8000-000000000007,2031-02-15 10:00:00+03,4,4,4
4889eebd-778a-4947-ae1b-a50f4688731d,21e41d95-b4e3-4599-bd8f-944dde04f6cb,4eae2daf-0007-4000-8000-000000000007,2031-04-15 10:00:00+03,4,5,4
4889eebd-778a-4947-ae1b-a50f4688731d,21e41d95-b4e3-4599-bd8f-944dde04f6cb,4eae2daf-0007-4000-8000-000000000007,2031-06-15 10:00:00+03,5,4,5
7b5fc9f9-2e4c-43a1-b6d2-f0b5edf43b96,21cc75fe-63ea-43c4-8232-c93ffccd30b0,0ae9589e-0007-4000-8000-000000000007,2031-08-15 10:00:00+03,3,4,3
7b5fc9f9-2e4c-43a1-b6d2-f0b5edf43b96,21cc75fe-63ea-43c4-8232-c93ffccd30b0,0ae9589e-0007-4000-8000-000000000007,2031-10-15 10:00:00+03,4,4,4
7b5fc9f9-2e4c-43a1-b6d2-f0b5edf43b96,21cc75fe-63ea-43c4-8232-c93ffccd30b0,0ae9589e-0007-4000-8000-000000000007,2031-12-15 10:00:00+03,4,5,4
7b5fc9f9-2e4c-43a1-b6d2-f0b5edf43b96,21cc75fe-63ea-43c4-8232-c93ffccd30b0,0ae9589e-0007-4000-8000-000000000007,2032-02-15 10:00:00+03,5,4,5
7b5fc9f9-2e4c-43a1-b6d2-f0b5edf43b96,21cc75fe-63ea-43c4-8232-c93ffccd30b0,0ae9589e-0007-4000-8000-000000000007,2032-04-15 10:00:00+03,5,5,4
7b5fc9f9-2e4c-43a1-b6d2-f0b5edf43b96,21cc75fe-63ea-43c4-8232-c93ffccd30b0,0ae9589e-0007-4000-8000-000000000007,2032-06-15 10:00:00+03,5,5,5
0581f28e-c41a-4cb2-9d07-1efd86700e10,ed01868b-f88b-4afe-a9bb-5284e00230cc,d94fe5a8-0007-4000-8000-000000000007,2032-08-15 10:00:00+03,1,2,1
0581f28e-c41a-4cb2-9d07-1efd86700e10,ed01868b-f88b-4afe-a9bb-5284e00230cc,d94fe5a8-0007-4000-8000-000000000007,2032-10-15 10:00:00+03,2,3,2
0581f28e-c41a-4cb2-9d07-1efd86700e10,ed01868b-f88b-4afe-a9bb-5284e00230cc,d94fe5a8-0007-4000-8000-000000000007,2032-12-15 10:00:00+03,3,3,2
0581f28e-c41a-4cb2-9d07-1efd86700e10,ed01868b-f88b-4afe-a9bb-5284e00230cc,d94fe5a8-0007-4000-8000-000000000007,2033-02-15 10:00:00+03,3,4,3
0581f28e-c41a-4cb2-9d07-1efd86700e10,ed01868b-f88b-4afe-a9bb-5284e00230cc,d94fe5a8-0007-4000-8000-000000000007,2033-04-15 10:00:00+03,4,4,3
0581f28e-c41a-4cb2-9d07-1efd86700e10,ed01868b-f88b-4afe-a9bb-5284e00230cc,d94fe5a8-0007-4000-8000-000000000007,2033-06-15 10:00:00+03,4,5,4
42d43b62-9d1e-4a75-98b6-cf48f6e76aeb,33dea239-2610-49d9-8f33-748f62f04e74,fa001e78-0008-4000-8000-000000000008,2033-08-15 10:00:00+03,2,3,2
42d43b62-9d1e-4a75-98b6-cf48f6e76aeb,33dea239-2610-49d9-8f33-748f62f04e74,fa001e78-0008-4000-8000-000000000008,2033-10-15 10:00:00+03,3,3,3
42d43b62-9d1e-4a75-98b6-cf48f6e76aeb,33dea239-2610-49d9-8f33-748f62f04e74,fa001e78-0008-4000-8000-000000000008,2033-12-15 10:00:00+03,3,4,3
42d43b62-9d1e-4a75-98b6-cf48f6e76aeb,33dea239-2610-49d9-8f33-748f62f04e74,fa001e78-0008-4000-8000-000000000008,2034-02-15 10:00:00+03,4,4,4
42d43b62-9d1e-4a75-98b6-cf48f6e76aeb,33dea239-2610-49d9-8f33-748f62f04e74,fa001e78-0008-4000-8000-000000000008,2034-04-15 10:00:00+03,4,5,4
42d43b62-9d1e-4a75-98b6-cf48f6e76aeb,33dea239-2610-49d9-8f33-748f62f04e74,fa001e78-0008-4000-8000-000000000008,2034-06-15 10:00:00+03,5,4,5
446a4190-0a9a-49db-b205-2099138c15ef,21e41d95-b4e3-4599-bd8f-944dde04f6cb,4eae2daf-0007-4000-8000-000000000007,2034-08-15 10:00:00+03,3,4,3
446a4190-0a9a-49db-b205-2099138c15ef,21e41d95-b4e3-4599-bd8f-944dde04f6cb,4eae2daf-0007-4000-8000-000000000007,2034-10-15 10:00:00+03,4,4,4
446a4190-0a9a-49db-b205-2099138c15ef,21e41d95-b4e3-4599-bd8f-944dde04f6cb,4eae2daf-0007-4000-8000-000000000007,2034-12-15 10:00:00+03,4,5,4
446a4190-0a9a-49db-b205-2099138c15ef,21e41d95-b4e3-4599-bd8f-944dde04f6cb,4eae2daf-0007-4000-8000-000000000007,2035-02-15 10:00:00+03,5,4,5
446a4190-0a9a-49db-b205-2099138c15ef,21e41d95-b4e3-4599-bd8f-944dde04f6cb,4eae2daf-0007-4000-8000-000000000007,2035-04-15 10:00:00+03,5,5,4
446a4190-0a9a-49db-b205-2099138c15ef,21e41d95-b4e3-4599-bd8f-944dde04f6cb,4eae2daf-0007-4000-8000-000000000007,2035-06-15 10:00:00+03,5,5,5
d82bbccc-7456-445e-9834-eeffad9d5a0e,21cc75fe-63ea-43c4-8232-c93ffccd30b0,0ae9589e-0007-4000-8000-000000000007,2035-08-15 10:00:00+03,1,2,1
d82bbccc-7456-445e-9834-eeffad9d5a0e,21cc75fe-63ea-43c4-8232-c93ffccd30b0,0ae9589e-0007-4000-8000-000000000007,2035-10-15 10:00:00+03,2,3,2
d82bbccc-7456-445e-9834-eeffad9d5a0e,21cc75fe-63ea-43c4-8232-c93ffccd30b0,0ae9589e-0007-4000-8000-000000000007,2035-12-15 10:00:00+03,3,3,2
d82bbccc-7456-445e-9834-eeffad9d5a0e,21cc75fe-63ea-43c4-8232-c93ffccd30b0,0ae9589e-0007-4000-8000-000000000007,2036-02-15 10:00:00+03,3,4,3
d82bbccc-7456-445e-9834-eeffad9d5a0e,21cc75fe-63ea-43c4-8232-c93ffccd30b0,0ae9589e-0007-4000-8000-000000000007,2036-04-15 10:00:00+03,4,4,3
d82bbccc-7456-445e-9834-eeffad9d5a0e,21cc75fe-63ea-43c4-8232-c93ffccd30b0,0ae9589e-0007-4000-8000-000000000007,2036-06-15 10:00:00+03,4,5,4
68d5fa2e-c914-42b6-a4ae-12416b539b08,ed01868b-f88b-4afe-a9bb-5284e00230cc,d94fe5a8-0007-4000-8000-000000000007,2036-08-15 10:00:00+03,2,3,2
68d5fa2e-c914-42b6-a4ae-12416b539b08,ed01868b-f88b-4afe-a9bb-5284e00230cc,d94fe5a8-0007-4000-8000-000000000007,2036-10-15 10:00:00+03,3,3,3
68d5fa2e-c914-42b6-a4ae-12416b539b08,ed01868b-f88b-4afe-a9bb-5284e00230cc,d94fe5a8-0007-4000-8000-000000000007,2036-12-15 10:00:00+03,3,4,3
68d5fa2e-c914-42b6-a4ae-12416b539b08,ed01868b-f88b-4afe-a9bb-5284e00230cc,d94fe5a8-0007-4000-8000-000000000007,2037-02-15 10:00:00+03,4,4,4
68d5fa2e-c914-42b6-a4ae-12416b539b08,ed01868b-f88b-4afe-a9bb-5284e00230cc,d94fe5a8-0007-4000-8000-000000000007,2037-04-15 10:00:00+03,4,5,4
68d5fa2e-c914-42b6-a4ae-12416b539b08,ed01868b-f88b-4afe-a9bb-5284e00230cc,d94fe5a8-0007-4000-8000-000000000007,2037-06-15 10:00:00+03,5,4,5
ad5887f2-0bec-4c4a-b8e0-318fb303d99e,33dea239-2610-49d9-8f33-748f62f04e74,fa001e78-0008-4000-8000-000000000008,2037-08-15 10:00:00+03,3,4,3
ad5887f2-0bec-4c4a-b8e0-318fb303d99e,33dea239-2610-49d9-8f33-748f62f04e74,fa001e78-0008-4000-8000-000000000008,2037-10-15 10:00:00+03,4,4,4
ad5887f2-0bec-4c4a-b8e0-318fb303d99e,33dea239-2610-49d9-8f33-748f62f04e74,fa001e78-0008-4000-8000-000000000008,2037-12-15 10:00:00+03,4,5,4
ad5887f2-0bec-4c4a-b8e0-318fb303d99e,33dea239-2610-49d9-8f33-748f62f04e74,fa001e78-0008-4000-8000-000000000008,2038-02-15 10:00:00+03,5,4,5
ad5887f2-0bec-4c4a-b8e0-318fb303d99e,33dea239-2610-49d9-8f33-748f62f04e74,fa001e78-0008-4000-8000-000000000008,2038-04-15 10:00:00+03,5,5,4
ad5887f2-0bec-4c4a-b8e0-318fb303d99e,33dea239-2610-49d9-8f33-748f62f04e74,fa001e78-0008-4000-8000-000000000008,2038-06-15 10:00:00+03,5,5,5
4b5377fa-cb51-4954-8552-54acb626c108,21e41d95-b4e3-4599-bd8f-944dde04f6cb,4eae2daf-0007-4000-8000-000000000007,2038-08-15 10:00:00+03,1,2,1
4b5377fa-cb51-4954-8552-54acb626c108,21e41d95-b4e3-4599-bd8f-944dde04f6cb,4eae2daf-0007-4000-8000-000000000007,2038-10-15 10:00:00+03,2,3,2
4b5377fa-cb51-4954-8552-54acb626c108,21e41d95-b4e3-4599-bd8f-944dde04f6cb,4eae2daf-0007-4000-8000-000000000007,2038-12-15 10:00:00+03,3,3,2
4b5377fa-cb51-4954-8552-54acb626c108,21e41d95-b4e3-4599-bd8f-944dde04f6cb,4eae2daf-0007-4000-8000-000000000007,2039-02-15 10:00:00+03,3,4,3
4b5377fa-cb51-4954-8552-54acb626c108,21e41d95-b4e3-4599-bd8f-944dde04f6cb,4eae2daf-0007-4000-8000-000000000007,2039-04-15 10:00:00+03,4,4,3
4b5377fa-cb51-4954-8552-54acb626c108,21e41d95-b4e3-4599-bd8f-944dde04f6cb,4eae2daf-0007-4000-8000-000000000007,2039-06-15 10:00:00+03,4,5,4 